{"cameraMode":{"drawMode":0,"name":"Shaded","section":"Shading Mode"},"sceneLighting":false,"audioPlay":false,"sceneViewState":{"showFog":true,"showMaterialUpdate":false,"showSkybox":false,"showFlares":true,"showImageEffects":true,"showParticleSystems":true},"in2DMode":false,"pivot":{"x":2.19952392578125,"y":1.1396217346191407,"z":0.68798828125},"rotation":{"x":-0.0008402104722335935,"y":-0.9985233545303345,"z":0.05186810716986656,"w":-0.016181308776140214},"size":1.8223259449005128,"orthographic":true}