{"cameraMode":{"drawMode":0,"name":"Shaded","section":"Shading Mode"},"sceneLighting":false,"audioPlay":false,"sceneViewState":{"showFog":true,"showMaterialUpdate":false,"showSkybox":false,"showFlares":true,"showImageEffects":true,"showParticleSystems":true},"in2DMode":false,"pivot":{"x":685.59033203125,"y":4.4972381591796879,"z":3565.171630859375},"rotation":{"x":0.5127543807029724,"y":0.03217544034123421,"z":-0.019234944134950639,"w":0.8577173948287964},"size":9368.341796875,"orthographic":false}