{"cameraMode":{"drawMode":0,"name":"Shaded","section":"Shading Mode"},"sceneLighting":true,"audioPlay":false,"sceneViewState":{"showFog":true,"showMaterialUpdate":false,"showSkybox":true,"showFlares":true,"showImageEffects":true,"showParticleSystems":true},"in2DMode":false,"pivot":{"x":-59.54976272583008,"y":-11.860759735107422,"z":44.50432586669922},"rotation":{"x":-0.40061917901039126,"y":0.04861399531364441,"z":-0.02129170298576355,"w":-0.9147061705589294},"size":44.665794372558597,"orthographic":false}